"Gender","Name","First_name"
0,"Legault","François"
1,"McCann","Danielle"
1,"Blais","Marguerite"
0,"Lacombe","Mathieu"
0,"Roberge","Jean-François"
0,"Boulet","Jean"
0,"Girard","Eric"
1,"Guilbault","Geneviève"
0,"Fitzgibbon","Pierre"
0,"Gendron","Yvan"
0,"Massé","Richard"
0,"Dubé","Christian"
1,"LeBel","Sonia"
1,"Charest","Isabelle"
1,"Roy","Nathalie"
0,"Boileau","Luc"
0,"Heurtel","David"
0,"Fortin","Luc"
1,"Vallée","Stéphanie"
0,"Barrette","Gaétan"
1,"Charlebois","Lucie"
0,"Coiteux","Martin"
0,"Fortin","André"
0,"Blais","François"
0,"Proulx","Sébastien"
0,"Fournier","Jean-Marc"
1,"Vien","Dominique"
1,"David","Hélène"
1,"Charbonneau","Francine"
0,"Moreau","Pierre"
0,"Bonnardel","François"
1,"Lecours","Isabelle"
0,"Zanetti","Sol"
1,"Hivon","Véronique"
0,"Lamontagne","André"
0,"Dufour","Pierre"
0,"Caire","Éric"
1,"Girault","Nadine"
0,"Lafrenière","Ian"
0,"Bédard","Marc-André"
1,"Proulx","Caroline"
0,"Leduc","Alexandre"
1,"Perry","Méganne"
0,"Arruda","Horacio"
0,"Paré","Daniel"
0,"Charette","Benoit"
0,"Skeete","Christopher"
